step,time,uav0_x,uav0_y,uav0_yaw,uav0_state,uav0_min_obs_dist,uav0_path_length,uav1_x,uav1_y,uav1_yaw,uav1_state,uav1_min_obs_dist,uav1_path_length,uav2_x,uav2_y,uav2_yaw,uav2_state,uav2_min_obs_dist,uav2_path_length,coverage,min_inter_uav_dist,replan_count,collision_flag
0,0.0,5.00,5.00,0.000,explore,19.25,0.0,5.00,50.00,0.000,explore,27.29,0.0,5.00,95.00,0.000,explore,8.38,0.0,0.0472,45.00,35,0
1,0.2,5.59,5.08,0.142,explore,18.70,0.0,5.59,50.08,0.142,explore,26.70,0.0,5.55,94.76,-0.405,explore,7.84,0.0,0.0472,44.68,35,0
2,0.4,6.19,5.17,0.142,explore,18.14,0.0,6.19,50.17,0.142,explore,26.11,0.0,6.10,94.53,-0.405,explore,7.30,0.0,0.0547,44.36,35,0
3,0.6000000000000001,6.75,5.25,0.142,explore,17.62,0.0,6.75,50.25,0.142,explore,25.55,0.0,6.65,94.29,-0.405,explore,6.77,0.0,0.0577,44.04,35,0
4,0.8,7.35,5.25,0.000,explore,17.11,0.0,7.35,50.25,0.000,explore,24.98,0.0,7.09,93.87,-0.768,explore,6.18,0.0,0.0610,43.62,35,0
5,1.0,7.95,5.25,0.000,explore,16.61,0.0,7.95,50.25,0.000,explore,24.41,0.0,7.52,93.46,-0.768,explore,5.58,0.0,0.0664,43.21,35,0
6,1.2000000000000002,8.55,5.25,0.000,explore,16.11,0.0,8.55,50.25,0.000,explore,23.84,0.0,7.95,93.04,-0.768,explore,4.99,0.0,0.0692,42.79,35,0
7,1.4000000000000001,9.15,5.25,0.000,explore,15.62,0.0,9.15,50.25,0.000,explore,23.27,0.0,8.37,92.62,-0.783,explore,4.99,0.0,0.0721,42.81,35,0
8,1.6,9.75,5.25,0.000,explore,15.14,0.0,9.75,50.25,0.000,explore,22.68,0.0,8.80,92.19,-0.783,explore,4.40,0.0,0.0742,42.39,35,0
9,1.8,10.35,5.25,0.000,explore,14.66,0.0,10.35,50.25,0.000,explore,22.08,0.0,8.22,92.03,-2.862,explore,3.81,0.0,0.0770,41.97,35,0
10,2.0,10.66,5.76,1.030,explore,14.66,0.0,10.66,50.76,1.030,explore,22.08,0.0,7.65,91.86,-2.862,explore,3.81,0.0,0.0799,41.97,35,0
11,2.2,10.97,6.28,1.030,explore,14.10,0.0,10.97,51.28,1.030,explore,21.68,0.0,7.05,91.79,-3.015,explore,4.03,0.0,0.0799,41.34,35,0
12,2.4000000000000004,11.25,6.75,1.030,explore,13.55,0.0,11.25,51.75,1.030,explore,21.22,0.0,7.13,91.19,-1.442,explore,4.29,0.0,0.1017,40.72,35,0
13,2.6,11.67,7.17,0.785,explore,13.04,0.0,11.67,52.17,0.785,explore,20.80,0.0,7.21,90.60,-1.442,explore,4.29,0.0,0.1041,40.28,35,0
14,2.8000000000000003,11.37,7.69,2.101,explore,12.45,0.0,11.37,52.69,2.101,explore,20.27,0.0,7.22,90.00,-1.546,explore,4.66,0.0,0.1063,39.88,35,0
15,3.0,11.07,8.21,2.101,explore,12.45,0.0,11.07,53.21,2.101,explore,20.27,0.0,7.23,89.40,-1.546,explore,4.66,0.0,0.1090,39.88,35,0
16,3.2,10.76,8.73,2.101,explore,12.41,0.0,10.76,53.73,2.101,explore,20.42,0.0,7.24,88.80,-1.561,explore,4.21,0.0,0.1090,38.73,35,0
17,3.4000000000000004,10.43,9.23,2.158,explore,12.39,0.0,10.43,54.23,2.158,explore,20.58,0.0,7.25,88.20,-1.561,explore,3.78,0.0,0.1335,37.59,35,0
18,3.6,9.83,9.23,3.128,explore,12.40,0.0,9.83,54.23,3.128,explore,20.76,0.0,7.25,87.60,-1.569,explore,3.42,0.0,0.1363,36.44,35,0
19,3.8000000000000003,9.23,9.24,3.128,explore,12.47,0.0,9.23,54.24,3.128,explore,20.98,0.0,7.25,87.00,-1.569,explore,3.11,0.0,0.1393,35.32,35,0
20,4.0,8.63,9.25,3.138,explore,12.47,0.0,8.63,54.25,3.138,explore,20.98,0.0,7.25,86.40,-1.569,explore,3.11,0.0,0.1418,35.32,35,0
21,4.2,8.03,9.25,3.138,explore,13.00,0.0,8.03,54.25,3.138,explore,21.57,0.0,7.25,85.80,-1.571,explore,2.84,0.0,0.1418,34.66,35,0
22,4.4,7.43,9.25,3.138,explore,13.54,0.0,7.43,54.25,3.138,explore,22.16,0.0,7.25,85.20,-1.571,explore,2.63,0.0,0.1520,34.01,35,0
23,4.6000000000000005,6.83,9.25,3.141,explore,13.54,0.0,6.83,54.25,3.141,explore,22.16,0.0,7.25,84.60,-1.571,explore,2.63,0.0,0.1535,34.01,35,0
24,4.800000000000001,6.23,9.25,3.141,explore,14.09,0.0,6.23,54.25,3.141,explore,22.75,0.0,7.25,84.00,-1.571,explore,2.47,0.0,0.1535,33.38,35,0
25,5.0,6.24,9.85,1.558,explore,14.64,0.0,6.66,54.67,0.779,explore,23.34,0.0,7.25,83.40,-1.571,explore,2.38,0.0,0.1549,32.76,35,0
26,5.2,6.25,10.45,1.558,explore,15.20,0.0,7.09,55.09,0.779,explore,23.93,0.0,7.25,82.80,-1.571,explore,2.34,0.0,0.1562,32.15,35,0
27,5.4,6.25,11.05,1.569,explore,15.75,0.0,7.51,55.51,0.779,explore,24.52,0.0,7.25,82.25,-1.571,explore,2.38,0.0,0.1573,31.55,35,0
28,5.6000000000000005,6.25,11.65,1.569,explore,16.31,0.0,7.94,55.94,0.785,explore,25.11,0.0,7.06,81.68,-1.893,explore,2.47,0.0,0.1583,30.97,35,0
29,5.800000000000001,6.25,12.25,1.569,explore,16.31,0.0,8.36,56.36,0.785,explore,25.11,0.0,6.87,81.11,-1.893,explore,2.47,0.0,0.1595,30.97,35,0
30,6.0,6.25,12.85,1.571,explore,16.31,0.0,8.79,56.79,0.785,explore,25.11,0.0,6.48,80.66,-2.287,explore,2.47,0.0,0.1595,30.97,35,0
31,6.2,6.25,13.45,1.571,explore,16.10,0.0,9.21,57.21,0.785,explore,24.62,0.0,6.08,80.21,-2.287,explore,2.63,0.0,0.1595,29.93,35,0
32,6.4,6.25,14.05,1.571,explore,15.91,0.0,9.63,57.63,0.785,explore,24.14,0.0,6.60,79.91,-0.521,explore,2.84,0.0,0.1624,28.91,35,0
33,6.6000000000000005,6.25,14.65,1.571,explore,15.74,0.0,10.06,58.06,0.785,explore,23.66,0.0,7.12,79.61,-0.521,explore,3.10,0.0,0.1641,27.88,35,0
34,6.800000000000001,6.66,15.09,0.818,explore,15.58,0.0,10.66,58.13,0.113,explore,23.19,0.0,7.64,79.31,-0.521,explore,3.40,0.0,0.1662,26.87,35,0
35,7.0,7.07,15.53,0.818,explore,15.45,0.0,11.25,58.19,0.113,explore,22.72,0.0,8.21,79.11,-0.336,explore,3.71,0.0,0.1681,25.91,35,0
36,7.2,7.48,15.96,0.818,explore,15.33,0.0,11.75,58.25,0.113,explore,22.26,0.0,8.78,78.92,-0.336,explore,4.21,0.0,0.1699,24.95,35,0
37,7.4,7.90,16.39,0.790,explore,15.24,0.0,12.35,58.25,0.000,explore,21.80,0.0,9.25,78.75,-0.336,explore,4.72,0.0,0.1719,24.02,35,0
38,7.6000000000000005,8.33,16.82,0.790,explore,15.16,0.0,12.95,58.25,0.000,explore,21.36,0.0,9.67,78.33,-0.785,explore,5.32,0.0,0.1736,23.24,35,0
39,7.800000000000001,8.75,17.24,0.790,explore,15.10,0.0,13.55,58.25,0.000,explore,20.91,0.0,10.10,77.90,-0.785,explore,5.91,0.0,0.1756,22.50,35,0
40,8.0,9.17,17.67,0.790,explore,15.10,0.0,14.15,58.25,0.000,explore,20.91,0.0,10.52,77.48,-0.785,explore,5.91,0.0,0.1774,22.50,35,0
41,8.200000000000001,9.59,18.09,0.786,explore,14.66,0.0,14.75,58.25,0.000,explore,20.32,0.0,10.94,77.91,0.804,explore,5.75,0.0,0.1774,22.16,35,0
42,8.4,10.02,18.52,0.786,explore,14.23,0.0,15.32,58.44,0.322,explore,19.72,0.0,11.36,78.34,0.804,explore,5.62,0.0,0.1855,21.81,35,0
43,8.6,9.77,19.07,1.988,explore,13.81,0.0,15.71,57.98,-0.868,explore,19.22,0.0,11.75,78.75,0.804,explore,5.53,0.0,0.1883,21.46,35,0
44,8.8,9.53,19.61,1.988,explore,13.39,0.0,16.09,57.52,-0.868,explore,18.62,0.0,12.08,79.25,0.983,explore,5.38,0.0,0.1910,21.27,35,0
45,9.0,9.29,20.16,1.988,explore,12.99,0.0,16.48,57.07,-0.868,explore,18.02,0.0,12.42,79.75,0.983,explore,5.26,0.0,0.1944,21.08,35,0
46,9.200000000000001,8.87,20.59,2.341,explore,12.59,0.0,16.90,56.64,-0.799,explore,17.42,0.0,12.75,80.25,0.983,explore,5.19,0.0,0.1974,20.95,35,0
47,9.4,8.45,21.02,2.341,explore,12.04,0.0,17.32,56.21,-0.799,explore,16.82,0.0,12.94,80.82,1.249,explore,5.41,0.0,0.2003,20.57,35,0
48,9.600000000000001,8.04,21.46,2.341,explore,11.49,0.0,17.74,55.78,-0.799,explore,16.22,0.0,13.13,81.39,1.249,explore,5.67,0.0,0.2028,20.19,35,0
49,9.8,7.69,21.94,2.192,explore,10.95,0.0,18.16,55.35,-0.799,explore,15.65,0.0,13.73,81.34,-0.084,explore,5.95,0.0,0.2054,19.63,35,0
50,10.0,7.72,22.54,1.522,explore,10.95,0.0,18.76,55.31,-0.060,explore,15.65,0.0,14.32,81.29,-0.084,explore,5.95,0.0,0.2084,19.63,35,0
51,10.200000000000001,7.74,23.14,1.522,explore,11.01,0.0,19.35,55.27,-0.060,explore,15.27,0.0,14.92,81.27,-0.019,explore,5.44,0.0,0.2084,20.49,35,0
52,10.4,7.75,23.74,1.568,explore,11.09,0.0,19.95,55.27,-0.013,explore,14.91,0.0,15.52,81.26,-0.019,explore,4.93,0.0,0.2150,21.35,35,0
53,10.600000000000001,7.75,24.34,1.568,explore,11.20,0.0,20.55,55.26,-0.013,explore,14.57,0.0,16.12,81.25,-0.019,explore,4.46,0.0,0.2172,22.19,35,0
54,10.8,8.12,24.81,0.904,explore,11.53,0.0,21.15,55.25,-0.013,explore,14.57,0.0,16.72,81.25,-0.001,explore,3.92,0.0,0.2193,22.62,35,0
55,11.0,8.49,25.28,0.904,explore,11.87,0.0,21.73,55.43,0.303,explore,14.20,0.0,17.32,81.25,-0.001,explore,3.40,0.0,0.2203,23.54,35,0
56,11.200000000000001,8.86,25.76,0.904,explore,12.23,0.0,22.30,55.61,0.303,explore,13.85,0.0,17.74,81.69,0.810,explore,2.88,0.0,0.2220,24.47,35,0
57,11.4,9.23,26.23,0.904,explore,12.23,0.0,22.76,56.00,0.699,explore,13.51,0.0,18.15,82.12,0.810,explore,2.31,0.0,0.2239,25.50,35,0
58,11.600000000000001,9.83,26.24,0.015,explore,12.53,0.0,23.05,55.47,-1.054,explore,13.19,0.0,18.56,82.55,0.810,explore,1.75,0.0,0.2251,26.52,35,0
59,11.8,10.43,26.25,0.015,explore,12.53,0.0,23.35,54.95,-1.054,explore,13.19,0.0,18.99,82.98,0.788,explore,1.75,0.0,0.2271,26.52,35,0
60,12.0,11.03,26.25,0.003,explore,12.53,0.0,23.65,54.43,-1.054,explore,13.19,0.0,19.41,83.41,0.788,explore,1.75,0.0,0.2271,26.52,35,0
61,12.200000000000001,11.63,26.25,0.003,explore,12.47,0.0,23.85,53.87,-1.227,explore,12.62,0.0,19.83,83.83,0.788,explore,1.87,0.0,0.2271,26.51,35,0
62,12.4,12.23,26.25,0.003,explore,12.43,0.0,24.05,53.30,-1.227,explore,12.04,0.0,20.25,84.25,0.788,explore,2.05,0.0,0.2347,26.49,35,0
63,12.600000000000001,12.83,26.25,0.000,explore,12.43,0.0,24.25,52.75,-1.227,explore,11.46,0.0,20.67,84.67,0.785,explore,2.05,0.0,0.2379,26.62,35,0
64,12.8,13.43,26.25,0.000,explore,12.47,0.0,24.67,52.33,-0.785,explore,10.89,0.0,21.10,85.10,0.785,explore,2.25,0.0,0.2398,26.62,35,0
65,13.0,14.03,26.25,0.000,explore,12.47,0.0,25.10,51.90,-0.785,explore,10.31,0.0,21.69,84.97,-0.208,explore,2.51,0.0,0.2429,26.61,35,0
66,13.200000000000001,14.63,26.25,0.000,explore,12.14,0.0,25.52,51.48,-0.785,explore,9.71,0.0,22.27,84.85,-0.208,explore,2.82,0.0,0.2449,26.42,35,0
67,13.4,15.23,26.25,0.000,explore,11.83,0.0,26.12,51.40,-0.131,explore,9.11,0.0,22.80,84.56,-0.508,explore,3.16,0.0,0.2501,26.24,35,0
68,13.600000000000001,15.83,26.25,0.000,explore,11.54,0.0,26.71,51.32,-0.131,explore,9.11,0.0,23.32,84.27,-0.508,explore,3.54,0.0,0.2533,26.12,35,0
69,13.8,16.43,26.25,0.000,explore,11.27,0.0,27.25,51.25,-0.131,explore,8.57,0.0,23.85,83.98,-0.508,explore,3.54,0.0,0.2559,25.83,35,0
70,14.0,17.03,26.25,0.000,explore,11.27,0.0,27.85,51.25,0.000,explore,8.57,0.0,24.29,83.57,-0.736,explore,3.54,0.0,0.2585,25.83,35,0
71,14.200000000000001,17.63,26.25,0.000,explore,10.69,0.0,28.45,51.25,0.000,explore,8.43,0.0,24.73,83.17,-0.736,explore,3.51,0.0,0.2585,26.75,35,0
72,14.4,18.07,26.66,0.748,explore,10.11,0.0,29.05,51.25,0.000,explore,8.32,0.0,25.22,83.52,0.619,explore,3.53,0.0,0.2640,27.66,35,0
73,14.600000000000001,18.51,27.07,0.748,explore,9.52,0.0,29.65,51.25,0.000,explore,8.24,0.0,25.71,83.87,0.619,explore,3.60,0.0,0.2667,28.58,35,0
74,14.8,18.95,27.47,0.748,explore,8.94,0.0,30.25,51.25,0.000,explore,8.30,0.0,26.20,84.21,0.619,explore,3.74,0.0,0.2695,29.52,35,0
75,15.0,19.54,27.37,-0.171,explore,8.36,0.0,30.75,50.92,-0.588,explore,8.40,0.0,26.63,84.64,0.781,explore,3.93,0.0,0.2724,29.52,35,0
76,15.200000000000001,20.13,27.27,-0.171,explore,7.79,0.0,31.22,50.55,-0.661,explore,8.14,0.0,27.05,85.06,0.781,explore,4.16,0.0,0.2752,28.85,35,0
77,15.4,20.73,27.26,-0.012,explore,7.22,0.0,31.70,50.18,-0.661,explore,7.70,0.0,27.48,85.48,0.781,explore,4.42,0.0,0.2780,28.40,35,0
78,15.600000000000001,21.33,27.26,-0.012,explore,6.64,0.0,32.17,49.81,-0.661,explore,7.27,0.0,27.97,85.83,0.622,explore,4.73,0.0,0.2811,27.94,35,0
79,15.8,21.92,27.41,0.253,explore,6.08,0.0,32.74,49.61,-0.342,explore,6.86,0.0,28.45,86.18,0.622,explore,5.07,0.0,0.2839,27.48,35,0
80,16.0,22.50,27.56,0.253,explore,6.08,0.0,33.30,49.41,-0.342,explore,6.86,0.0,28.94,86.53,0.622,explore,5.07,0.0,0.2866,27.48,35,0
81,16.2,23.08,27.71,0.253,explore,5.52,0.0,33.89,49.51,0.173,explore,6.27,0.0,29.46,86.22,-0.538,explore,5.67,0.0,0.2866,27.40,35,0
82,16.400000000000002,23.52,28.11,0.746,explore,4.96,0.0,33.34,49.29,-2.753,explore,5.68,0.0,29.97,85.92,-0.538,explore,6.26,0.0,0.2920,27.33,35,0
83,16.6,23.95,28.52,0.757,explore,4.96,0.0,33.94,49.27,-0.025,explore,5.15,0.0,30.41,85.50,-0.753,explore,6.26,0.0,0.2949,27.48,35,0
84,16.8,24.39,28.94,0.757,explore,4.41,0.0,34.54,49.26,-0.025,explore,4.56,0.0,30.85,85.09,-0.753,explore,6.83,0.0,0.2955,27.48,35,0
85,17.0,24.83,29.35,0.757,explore,3.87,0.0,35.11,49.42,0.281,explore,3.96,0.0,31.29,84.68,-0.753,explore,7.40,0.0,0.2979,27.48,35,0
86,17.2,25.25,29.75,0.757,explore,3.34,0.0,35.69,49.59,0.281,explore,3.37,0.0,31.72,84.27,-0.753,explore,7.97,0.0,0.3004,27.48,35,0
87,17.400000000000002,25.85,29.75,0.000,explore,3.18,0.0,36.25,49.75,0.281,explore,2.77,0.0,32.15,83.85,-0.785,explore,7.97,0.0,0.3027,27.18,35,0
88,17.6,26.45,29.75,0.000,explore,3.08,0.0,36.25,50.35,1.571,explore,2.18,0.0,32.57,83.43,-0.785,explore,8.50,0.0,0.3044,26.88,35,0
89,17.8,25.85,29.75,3.142,explore,3.03,0.0,36.25,49.75,-1.571,explore,1.77,0.0,33.00,83.00,-0.785,explore,9.03,0.0,0.3065,26.24,35,0
90,18.0,26.42,29.95,0.343,explore,3.03,0.0,36.67,50.17,0.785,explore,1.77,0.0,33.59,83.12,0.196,explore,9.03,0.0,0.3096,26.24,35,0
91,18.2,26.98,30.15,0.343,explore,2.56,0.0,37.10,50.60,0.785,explore,1.46,0.0,34.17,83.24,0.196,explore,9.42,0.0,0.3096,25.95,35,0
92,18.400000000000002,27.58,30.19,0.054,explore,2.11,0.0,37.15,51.20,1.479,explore,1.23,0.0,34.77,83.24,0.009,explore,9.82,0.0,0.3138,25.66,35,0
93,18.6,28.18,30.22,0.054,explore,1.77,0.0,37.21,51.79,1.479,explore,1.10,0.0,35.37,83.25,0.009,explore,10.24,0.0,0.3172,25.28,35,0
94,18.8,28.75,30.25,0.054,explore,1.48,0.0,36.78,52.22,2.357,explore,0.90,0.0,35.84,83.62,0.676,explore,10.60,0.0,0.3214,25.10,35,0
95,19.0,29.17,29.83,-0.785,explore,1.48,0.0,37.21,51.79,-0.786,explore,0.81,0.0,36.31,84.00,0.676,explore,10.98,0.0,0.3253,25.18,35,0
96,19.200000000000003,29.60,29.40,-0.785,explore,1.42,0.0,37.22,52.39,1.542,explore,0.81,0.0,36.78,84.37,0.676,explore,11.37,0.0,0.3295,24.78,35,0
97,19.400000000000002,30.16,29.18,-0.376,explore,1.44,0.0,37.24,52.99,1.552,explore,0.55,0.0,37.38,84.32,-0.083,explore,11.84,0.0,0.3312,24.74,35,0
98,19.6,30.75,29.25,0.115,explore,1.54,0.0,37.25,53.59,1.552,explore,0.55,0.0,37.98,84.29,-0.053,explore,12.32,0.0,0.3345,24.34,35,0
99,19.8,31.08,28.75,-0.983,explore,1.49,0.0,37.25,54.19,1.569,explore,0.55,0.0,38.58,84.26,-0.053,explore,12.81,0.0,0.3360,23.78,35,0
100,20.0,31.42,28.25,-0.983,explore,1.49,0.0,37.25,54.79,1.569,explore,0.91,0.0,39.18,84.26,-0.006,explore,12.81,0.0,0.3375,23.34,35,0
101,20.200000000000003,31.75,27.75,-0.983,explore,1.36,0.0,37.25,55.39,1.570,explore,0.78,0.0,39.78,84.25,-0.006,explore,13.32,0.0,0.3375,23.02,35,0
102,20.400000000000002,31.75,27.15,-1.570,explore,1.29,0.0,37.25,55.99,1.570,explore,0.78,0.0,40.38,84.25,-0.001,explore,13.85,0.0,0.3431,22.71,35,0
103,20.6,31.87,26.56,-1.365,explore,1.30,0.0,37.25,56.59,1.570,explore,0.72,0.0,40.98,84.25,-0.001,explore,14.30,0.0,0.3477,22.55,35,0
104,20.8,31.99,25.98,-1.365,explore,1.38,0.0,37.25,57.19,1.571,explore,0.80,0.0,41.58,84.25,-0.001,explore,14.76,0.0,0.3528,22.42,35,0
105,21.0,32.12,25.39,-1.365,explore,1.09,0.0,37.74,57.54,0.614,explore,0.99,0.0,42.18,84.25,-0.000,explore,15.23,0.0,0.3555,22.54,35,0
106,21.200000000000003,32.24,24.80,-1.365,explore,0.86,0.0,38.23,57.88,0.614,explore,0.57,0.0,42.61,84.66,0.761,explore,15.71,0.0,0.3604,22.81,35,0
107,21.400000000000002,32.06,24.23,-1.876,explore,0.86,0.0,38.72,58.23,0.614,explore,0.57,0.0,43.04,85.08,0.761,explore,16.18,0.0,0.3656,22.81,35,0
108,21.6,31.88,23.66,-1.876,explore,0.86,0.0,39.15,58.65,0.783,explore,0.57,0.0,43.48,85.49,0.761,explore,16.66,0.0,0.3669,22.81,35,0
109,21.8,31.57,23.14,-2.105,explore,0.86,0.0,39.57,59.08,0.783,explore,0.57,0.0,43.90,85.91,0.782,explore,17.15,0.0,0.3681,22.81,35,0
110,22.0,31.27,22.63,-2.105,explore,1.09,0.0,40.00,59.50,0.783,explore,0.99,0.0,44.33,86.34,0.782,explore,17.15,0.0,0.3695,22.54,35,0
111,22.200000000000003,30.96,22.11,-2.105,explore,1.06,0.0,40.42,59.92,0.785,explore,1.01,0.0,44.76,86.76,0.782,explore,17.71,0.0,0.3702,22.68,35,0
112,22.400000000000002,30.38,21.99,-2.935,explore,1.11,0.0,40.85,60.35,0.785,explore,1.14,0.0,45.18,87.18,0.782,explore,18.27,0.0,0.3750,22.81,35,0
113,22.6,29.79,21.86,-2.935,explore,1.06,0.0,41.27,60.77,0.785,explore,0.98,0.0,45.61,87.61,0.785,explore,18.87,0.0,0.3783,23.09,35,0
114,22.8,29.39,21.41,-2.291,explore,1.09,0.0,41.76,60.43,-0.604,explore,0.93,0.0,46.03,88.03,0.785,explore,19.46,0.0,0.3834,23.39,35,0
115,23.0,29.34,20.81,-1.656,explore,1.19,0.0,42.26,60.09,-0.604,explore,0.93,0.0,46.58,87.78,-0.426,explore,19.88,0.0,0.3876,23.14,35,0
116,23.200000000000003,29.29,20.22,-1.656,explore,0.88,0.0,42.75,59.75,-0.604,explore,0.51,0.0,47.12,87.53,-0.426,explore,20.30,0.0,0.3904,23.65,35,0
117,23.400000000000002,29.28,19.62,-1.591,explore,0.63,0.0,43.25,59.42,-0.588,explore,0.51,0.0,47.67,87.29,-0.426,explore,20.73,0.0,0.3939,23.92,35,0
118,23.6,29.27,19.02,-1.591,explore,0.63,0.0,43.75,59.08,-0.588,explore,0.93,0.0,48.10,86.87,-0.771,explore,20.73,0.0,0.3964,23.65,35,0
119,23.8,29.25,18.42,-1.591,explore,0.69,0.0,44.25,58.75,-0.588,explore,0.97,0.0,48.53,86.45,-0.771,explore,21.33,0.0,0.3968,24.26,35,0
120,24.0,29.25,17.82,-1.573,explore,1.09,0.0,44.75,58.42,-0.588,explore,0.97,0.0,48.96,86.03,-0.771,explore,21.33,0.0,0.4026,24.03,35,0
121,24.200000000000003,29.25,17.22,-1.573,explore,0.93,0.0,45.25,58.09,-0.588,explore,1.12,0.0,49.45,85.68,-0.621,explore,21.93,0.0,0.4037,25.01,35,0
122,24.400000000000002,29.68,16.80,-0.774,explore,0.85,0.0,45.75,57.75,-0.588,explore,1.38,0.0,49.94,85.33,-0.621,explore,22.53,0.0,0.4094,26.00,35,0
123,24.6,30.11,16.38,-0.774,explore,0.85,0.0,46.25,58.08,0.585,explore,1.71,0.0,50.34,85.77,0.823,explore,23.13,0.0,0.4132,27.01,35,0
124,24.8,30.54,15.96,-0.774,explore,0.59,0.0,46.75,58.42,0.585,explore,2.10,0.0,50.75,86.21,0.823,explore,23.61,0.0,0.4174,28.18,35,0
125,25.0,30.96,15.53,-0.784,explore,0.59,0.0,47.25,58.75,0.585,explore,2.10,0.0,51.16,86.65,0.823,explore,23.61,0.0,0.4205,28.18,35,0
126,25.200000000000003,31.39,15.11,-0.784,explore,0.52,0.0,47.67,59.17,0.785,explore,2.47,0.0,51.58,87.08,0.788,explore,23.76,0.0,0.4205,29.03,35,0
127,25.400000000000002,31.81,14.69,-0.784,explore,0.54,0.0,48.09,59.60,0.785,explore,2.08,0.0,52.01,87.50,0.788,explore,23.92,0.0,0.4243,28.50,35,0
128,25.6,32.24,14.26,-0.784,explore,0.64,0.0,48.52,60.02,0.785,explore,1.75,0.0,52.43,87.93,0.788,explore,24.09,0.0,0.4286,27.99,35,0
129,25.8,32.66,13.84,-0.785,explore,0.83,0.0,48.94,60.44,0.785,explore,1.47,0.0,52.85,88.35,0.786,explore,24.28,0.0,0.4323,27.50,35,0
130,26.0,33.09,13.41,-0.785,explore,0.83,0.0,49.37,60.87,0.785,explore,1.47,0.0,53.28,88.78,0.786,explore,24.28,0.0,0.4351,27.50,35,0
131,26.200000000000003,33.68,13.36,-0.098,explore,0.79,0.0,49.79,61.29,0.785,explore,1.81,0.0,53.88,88.77,-0.019,explore,24.81,0.0,0.4351,27.56,35,0
132,26.400000000000002,34.28,13.30,-0.098,explore,0.83,0.0,50.39,61.27,-0.029,explore,2.20,0.0,54.48,88.76,-0.019,explore,25.35,0.0,0.4441,27.62,35,0
133,26.6,34.82,13.56,0.451,explore,0.83,0.0,50.99,61.26,-0.029,explore,2.63,0.0,55.05,88.59,-0.278,explore,25.88,0.0,0.4475,27.67,35,0
134,26.8,35.36,13.82,0.451,explore,0.83,0.0,51.59,61.25,-0.004,explore,3.03,0.0,55.63,88.43,-0.278,explore,26.43,0.0,0.4498,27.67,35,0
135,27.0,35.90,14.08,0.451,explore,0.83,0.0,52.19,61.25,-0.004,explore,3.46,0.0,56.21,88.26,-0.278,explore,26.98,0.0,0.4520,27.67,35,0
136,27.200000000000003,36.46,14.28,0.347,explore,0.83,0.0,52.75,61.25,-0.004,explore,3.91,0.0,56.71,87.93,-0.581,explore,27.53,0.0,0.4538,27.67,35,0
137,27.400000000000002,37.03,14.49,0.347,explore,0.83,0.0,53.32,61.06,-0.322,explore,4.39,0.0,57.21,87.60,-0.581,explore,28.08,0.0,0.4557,27.67,35,0
138,27.6,37.59,14.69,0.347,explore,0.83,0.0,53.89,60.87,-0.322,explore,4.88,0.0,57.71,87.27,-0.581,explore,28.63,0.0,0.4575,27.67,35,0
139,27.8,38.11,14.40,-0.517,explore,0.83,0.0,54.34,60.48,-0.716,explore,5.39,0.0,58.14,86.85,-0.781,explore,29.19,0.0,0.4591,27.67,35,0
140,28.0,38.64,14.10,-0.517,explore,0.83,0.0,54.79,60.08,-0.716,explore,5.39,0.0,58.66,87.14,0.509,explore,29.19,0.0,0.4608,27.67,35,0
141,28.200000000000003,39.16,13.80,-0.517,explore,0.81,0.0,55.09,60.60,1.050,explore,5.80,0.0,59.19,87.44,0.509,explore,29.18,0.0,0.4608,27.77,35,0
142,28.400000000000002,39.59,13.38,-0.773,explore,0.88,0.0,55.39,61.12,1.050,explore,6.23,0.0,59.71,87.73,0.509,explore,29.19,0.0,0.4678,27.87,35,0
143,28.6,40.02,12.97,-0.773,explore,1.03,0.0,55.69,61.64,1.050,explore,6.68,0.0,60.21,88.06,0.586,explore,29.20,0.0,0.4703,27.97,35,0
144,28.8,40.45,12.55,-0.773,explore,1.03,0.0,56.11,62.07,0.800,explore,7.15,0.0,60.71,88.39,0.586,explore,29.02,0.0,0.4729,27.88,35,0
145,29.0,40.99,12.30,-0.416,explore,0.76,0.0,56.53,62.50,0.800,explore,7.63,0.0,61.21,88.72,0.586,explore,28.86,0.0,0.4752,27.78,35,0
146,29.200000000000003,41.54,12.06,-0.416,explore,0.56,0.0,56.94,62.93,0.800,explore,8.13,0.0,61.71,89.06,0.588,explore,28.70,0.0,0.4774,27.68,35,0
147,29.400000000000002,42.04,12.40,0.608,explore,0.56,0.0,57.29,63.42,0.947,explore,8.63,0.0,62.21,89.39,0.588,explore,28.70,0.0,0.4797,27.93,35,0
148,29.6,42.53,12.75,0.608,explore,0.56,0.0,57.64,63.91,0.947,explore,9.15,0.0,62.71,89.72,0.588,explore,28.64,0.0,0.4808,27.91,35,0
149,29.8,43.02,13.09,0.608,explore,0.56,0.0,58.24,63.85,-0.099,explore,9.67,0.0,63.14,89.31,-0.763,explore,28.59,0.0,0.4835,27.90,35,0
150,30.0,43.45,13.51,0.765,explore,0.82,0.0,58.84,63.79,-0.099,explore,9.67,0.0,63.58,88.89,-0.763,explore,28.59,0.0,0.4860,27.90,35,0
151,30.200000000000003,43.89,13.92,0.765,explore,1.37,0.0,59.44,63.78,-0.021,explore,10.15,0.0,64.01,88.48,-0.763,explore,29.18,0.0,0.4863,27.99,35,0
152,30.400000000000002,44.32,14.34,0.765,explore,1.93,0.0,60.04,63.77,-0.021,explore,10.63,0.0,64.44,88.06,-0.782,explore,29.77,0.0,0.4936,28.08,35,0
153,30.6,44.75,14.75,0.765,explore,1.93,0.0,60.64,63.75,-0.021,explore,11.13,0.0,64.86,87.63,-0.782,explore,30.36,0.0,0.4966,28.18,35,0
154,30.8,45.17,15.17,0.785,explore,2.51,0.0,61.08,63.34,-0.750,explore,11.55,0.0,65.29,87.21,-0.782,explore,30.95,0.0,0.4984,28.18,35,0
155,31.0,45.60,15.60,0.785,explore,2.73,0.0,61.52,62.93,-0.750,explore,12.00,0.0,65.71,86.79,-0.782,explore,31.53,0.0,0.5010,28.18,35,0
156,31.200000000000003,46.20,15.65,0.091,explore,2.44,0.0,61.96,62.52,-0.750,explore,12.45,0.0,66.14,86.36,-0.785,explore,32.12,0.0,0.5034,28.18,35,0
157,31.400000000000002,46.79,15.71,0.091,explore,2.21,0.0,62.55,62.63,0.172,explore,12.91,0.0,66.56,85.94,-0.785,explore,32.12,0.0,0.5059,27.70,35,0
158,31.6,47.39,15.72,0.021,explore,2.05,0.0,63.14,62.73,0.172,explore,13.38,0.0,67.10,86.20,0.448,explore,31.99,0.0,0.5075,27.71,35,0
159,31.8,47.99,15.73,0.021,explore,2.05,0.0,63.74,62.74,0.012,explore,13.86,0.0,67.64,86.46,0.448,explore,31.79,0.0,0.5101,27.71,35,0
160,32.0,48.59,15.75,0.021,explore,2.05,0.0,64.34,62.74,0.012,explore,13.86,0.0,68.18,86.72,0.448,explore,31.79,0.0,0.5116,27.71,35,0
161,32.2,49.19,15.75,0.002,explore,2.39,0.0,64.92,62.90,0.258,explore,14.45,0.0,68.61,87.14,0.774,explore,31.24,0.0,0.5116,27.71,35,0
162,32.4,49.79,15.75,0.002,explore,2.78,0.0,65.50,63.05,0.258,explore,15.04,0.0,69.04,87.56,0.774,explore,30.70,0.0,0.5211,27.72,35,0
163,32.6,50.39,15.75,0.001,explore,3.21,0.0,66.08,63.20,0.258,explore,15.64,0.0,69.47,87.98,0.774,explore,30.11,0.0,0.5250,27.55,35,0
164,32.800000000000004,50.99,15.75,0.001,explore,3.65,0.0,66.52,63.61,0.746,explore,16.23,0.0,69.96,88.33,0.621,explore,29.52,0.0,0.5292,27.39,35,0
165,33.0,51.59,15.75,0.000,explore,4.12,0.0,67.12,63.66,0.080,explore,16.78,0.0,70.45,88.67,0.621,explore,28.93,0.0,0.5330,27.23,35,0
166,33.2,52.19,15.75,0.000,explore,4.61,0.0,67.71,63.71,0.080,explore,17.33,0.0,70.93,89.02,0.621,explore,28.33,0.0,0.5369,27.09,35,0
167,33.4,52.75,15.75,0.000,explore,5.11,0.0,68.25,63.75,0.080,explore,17.87,0.0,71.53,89.13,0.170,explore,27.74,0.0,0.5416,26.94,35,0
168,33.6,53.17,16.17,0.785,explore,5.63,0.0,68.85,63.75,0.000,explore,18.29,0.0,72.12,89.23,0.170,explore,27.14,0.0,0.5453,27.01,35,0
169,33.800000000000004,53.60,16.60,0.785,explore,6.15,0.0,69.45,63.75,0.000,explore,18.71,0.0,72.56,88.82,-0.735,explore,26.57,0.0,0.5496,26.98,35,0
170,34.0,54.02,17.02,0.785,explore,6.15,0.0,70.05,63.75,0.000,explore,18.71,0.0,73.01,88.42,-0.735,explore,26.57,0.0,0.5532,26.98,35,0
171,34.2,54.51,17.37,0.618,explore,6.74,0.0,70.65,63.75,0.000,explore,19.05,0.0,73.45,88.02,-0.735,explore,26.23,0.0,0.5532,26.78,35,0
172,34.4,55.00,17.72,0.618,explore,7.33,0.0,71.25,63.75,0.000,explore,19.39,0.0,73.88,87.60,-0.777,explore,25.90,0.0,0.5601,26.59,35,0
173,34.6,55.49,18.07,0.618,explore,7.33,0.0,71.82,63.56,-0.322,explore,19.75,0.0,74.31,87.18,-0.777,explore,25.58,0.0,0.5630,26.39,35,0
174,34.800000000000004,56.09,18.13,0.105,explore,7.79,0.0,72.17,63.07,-0.953,explore,20.22,0.0,74.73,86.76,-0.777,explore,25.31,0.0,0.5646,26.31,35,0
175,35.0,56.68,18.19,0.105,explore,8.26,0.0,72.51,62.58,-0.953,explore,20.70,0.0,75.33,86.75,-0.005,explore,25.04,0.0,0.5676,26.22,35,0
176,35.2,57.25,18.25,0.105,explore,8.74,0.0,72.85,62.08,-0.977,explore,21.18,0.0,75.93,86.75,-0.005,explore,24.79,0.0,0.5701,26.14,35,0
177,35.4,57.85,18.25,0.000,explore,9.27,0.0,73.19,61.59,-0.977,explore,21.18,0.0,76.51,86.91,0.268,explore,24.55,0.0,0.5727,26.55,35,0
178,35.6,58.45,18.25,0.000,explore,9.80,0.0,73.52,61.09,-0.977,explore,21.23,0.0,77.09,87.07,0.268,explore,24.32,0.0,0.5746,26.43,35,0
179,35.800000000000004,59.03,18.09,-0.271,explore,10.33,0.0,73.85,60.59,-0.982,explore,21.01,0.0,77.67,87.23,0.268,explore,24.10,0.0,0.5772,26.31,35,0
180,36.0,59.61,17.93,-0.271,explore,10.33,0.0,74.19,60.09,-0.982,explore,21.01,0.0,78.17,87.55,0.574,explore,24.10,0.0,0.5797,26.31,35,0
181,36.2,59.66,17.33,-1.485,explore,10.89,0.0,74.78,60.15,0.101,explore,20.41,0.0,78.68,87.88,0.574,explore,23.51,0.0,0.5797,25.93,35,0
182,36.4,59.71,16.73,-1.485,explore,11.44,0.0,75.38,60.21,0.101,explore,19.82,0.0,79.18,88.21,0.574,explore,22.91,0.0,0.5889,25.55,35,0
183,36.6,60.14,17.15,0.762,explore,12.00,0.0,75.98,60.22,0.020,explore,19.82,0.0,79.61,88.63,0.778,explore,22.32,0.0,0.5925,25.22,35,0
184,36.800000000000004,60.38,16.60,-1.161,explore,12.49,0.0,76.58,60.24,0.020,explore,19.24,0.0,80.14,88.34,-0.491,explore,21.73,0.0,0.5948,24.79,35,0
185,37.0,60.62,16.05,-1.161,explore,12.99,0.0,77.18,60.25,0.020,explore,18.66,0.0,80.67,88.06,-0.491,explore,21.14,0.0,0.5983,24.35,35,0
186,37.2,60.66,15.45,-1.499,explore,13.50,0.0,77.75,60.43,0.309,explore,18.08,0.0,81.20,87.78,-0.491,explore,20.55,0.0,0.6014,23.91,35,0
187,37.4,60.71,14.85,-1.499,explore,13.50,0.0,78.32,60.61,0.309,explore,17.54,0.0,81.70,87.45,-0.585,explore,19.96,0.0,0.6044,23.90,35,0
188,37.6,60.75,14.25,-1.499,explore,13.61,0.0,78.92,60.66,0.071,explore,17.01,0.0,82.20,87.12,-0.585,explore,19.37,0.0,0.6071,23.88,35,0
189,37.800000000000004,60.48,13.71,-2.034,explore,13.10,0.0,79.52,60.70,0.071,explore,16.49,0.0,82.70,86.78,-0.585,explore,18.78,0.0,0.6103,23.86,35,0
190,38.0,60.75,13.25,-1.048,explore,13.10,0.0,80.12,60.74,0.071,explore,16.49,0.0,83.20,86.45,-0.588,explore,18.78,0.0,0.6135,23.86,35,0
191,38.2,60.56,12.68,-1.893,explore,12.56,0.0,80.72,60.74,0.006,explore,15.94,0.0,83.70,86.12,-0.588,explore,18.48,0.0,0.6135,24.01,35,0
192,38.400000000000006,61.16,12.71,0.041,explore,12.03,0.0,81.32,60.75,0.006,explore,15.40,0.0,84.20,85.79,-0.588,explore,18.19,0.0,0.6212,24.15,35,0
193,38.6,61.76,12.73,0.041,explore,11.50,0.0,81.92,60.75,0.001,explore,14.82,0.0,84.71,86.10,0.555,explore,17.91,0.0,0.6243,24.39,35,0
194,38.800000000000004,62.36,12.74,0.010,explore,11.04,0.0,82.52,60.75,0.001,explore,14.25,0.0,85.22,86.42,0.555,explore,17.83,0.0,0.6280,24.76,35,0
195,39.0,62.96,12.74,0.010,explore,10.59,0.0,83.12,60.75,0.001,explore,14.25,0.0,85.73,86.73,0.555,explore,17.77,0.0,0.6311,25.25,35,0
196,39.2,63.56,12.75,0.010,explore,10.14,0.0,83.72,60.75,0.000,explore,13.74,0.0,86.15,87.16,0.782,explore,17.72,0.0,0.6330,25.49,35,0
197,39.400000000000006,64.16,12.75,0.001,explore,9.72,0.0,83.73,60.15,-1.551,explore,13.24,0.0,86.58,87.58,0.782,explore,17.60,0.0,0.6358,25.67,35,0
198,39.6,64.76,12.75,0.001,explore,9.31,0.0,83.74,59.55,-1.551,explore,12.74,0.0,87.00,88.00,0.782,explore,17.50,0.0,0.6390,25.84,35,0
199,39.800000000000004,65.09,12.25,-0.987,explore,8.92,0.0,83.75,58.95,-1.567,explore,12.48,0.0,87.49,88.35,0.619,explore,17.41,0.0,0.6419,25.79,35,0
200,40.0,65.42,11.75,-0.987,explore,8.92,0.0,83.75,58.35,-1.567,explore,12.48,0.0,87.98,88.70,0.619,explore,17.41,0.0,0.6445,25.79,35,0
201,40.2,65.75,11.25,-0.987,explore,8.33,0.0,83.75,57.75,-1.567,explore,11.95,0.0,88.47,89.05,0.619,explore,17.08,0.0,0.6445,25.85,35,0
202,40.400000000000006,66.17,10.83,-0.785,explore,7.75,0.0,84.08,57.25,-0.983,explore,11.43,0.0,88.89,88.62,-0.792,explore,16.77,0.0,0.6500,25.90,35,0
203,40.6,66.60,10.40,-0.785,explore,7.75,0.0,84.42,56.75,-0.983,explore,10.96,0.0,89.31,88.19,-0.792,explore,16.18,0.0,0.6530,25.44,35,0
204,40.800000000000004,67.02,9.98,-0.785,explore,7.15,0.0,83.82,56.75,-3.141,explore,10.43,0.0,89.73,87.77,-0.792,explore,15.58,0.0,0.6566,25.02,35,0
205,41.0,67.45,9.55,-0.785,explore,6.56,0.0,83.79,56.15,-1.614,explore,9.90,0.0,90.16,87.34,-0.785,explore,14.99,0.0,0.6597,24.60,35,0
206,41.2,67.87,9.13,-0.785,explore,5.97,0.0,83.76,55.55,-1.614,explore,9.38,0.0,90.58,86.92,-0.785,explore,14.99,0.0,0.6626,24.51,35,0
207,41.400000000000006,68.30,8.70,-0.785,explore,5.38,0.0,83.76,54.95,-1.578,explore,8.87,0.0,91.01,86.49,-0.785,explore,14.39,0.0,0.6641,24.07,35,0
208,41.6,68.90,8.72,0.031,explore,4.79,0.0,83.75,54.35,-1.578,explore,8.36,0.0,91.43,86.07,-0.785,explore,13.79,0.0,0.6662,23.63,35,0
209,41.800000000000004,69.49,8.74,0.031,explore,4.79,0.0,83.75,53.75,-1.578,explore,7.79,0.0,91.35,85.48,-1.706,explore,13.20,0.0,0.6682,23.38,35,0
210,42.0,70.09,8.74,0.005,explore,4.79,0.0,83.33,53.33,-2.355,explore,7.79,0.0,91.31,84.88,-1.628,explore,13.20,0.0,0.6707,23.38,35,0
211,42.2,70.69,8.75,0.005,explore,4.20,0.0,82.90,52.90,-2.355,explore,7.23,0.0,91.28,84.28,-1.628,explore,12.82,0.0,0.6707,23.89,35,0
212,42.400000000000006,71.25,8.75,0.005,explore,3.61,0.0,82.48,52.48,-2.355,explore,6.67,0.0,91.25,83.75,-1.628,explore,12.46,0.0,0.6774,24.41,35,0
213,42.6,71.67,9.17,0.785,explore,3.02,0.0,82.05,52.05,-2.356,explore,6.67,0.0,91.25,83.15,-1.571,explore,12.26,0.0,0.6803,24.65,35,0
214,42.800000000000004,72.10,9.60,0.785,explore,2.44,0.0,82.14,51.46,-1.422,explore,6.12,0.0,91.25,82.55,-1.571,explore,12.08,0.0,0.6822,25.34,35,0
215,43.0,72.52,10.02,0.785,explore,1.90,0.0,82.23,50.87,-1.422,explore,5.59,0.0,91.25,81.95,-1.571,explore,11.92,0.0,0.6848,26.03,35,0
216,43.2,72.95,10.45,0.785,explore,1.65,0.0,82.24,50.27,-1.560,explore,5.06,0.0,91.25,81.35,-1.571,explore,11.96,0.0,0.6873,26.87,35,0
217,43.400000000000006,73.54,10.36,-0.150,explore,1.46,0.0,82.25,49.67,-1.560,explore,5.06,0.0,91.25,80.75,-1.571,explore,12.03,0.0,0.6930,27.28,35,0
218,43.6,74.13,10.27,-0.150,explore,1.35,0.0,82.62,49.20,-0.906,explore,4.55,0.0,91.25,80.15,-1.571,explore,12.12,0.0,0.6954,28.12,35,0
219,43.800000000000004,74.73,10.26,-0.011,explore,1.23,0.0,82.99,48.72,-0.906,explore,4.06,0.0,91.25,79.55,-1.571,explore,12.35,0.0,0.6993,29.05,35,0
220,44.0,75.33,10.25,-0.011,explore,1.23,0.0,83.36,48.25,-0.906,explore,4.06,0.0,91.25,78.95,-1.571,explore,12.35,0.0,0.7030,29.05,35,0
221,44.2,75.81,9.88,-0.666,explore,1.20,0.0,83.73,47.78,-0.906,explore,3.52,0.0,91.25,78.35,-1.571,explore,11.90,0.0,0.7030,28.70,35,0
222,44.400000000000006,76.28,9.51,-0.666,explore,1.25,0.0,84.33,47.77,-0.019,explore,3.00,0.0,91.25,77.75,-1.571,explore,11.46,0.0,0.7097,28.35,35,0
223,44.6,76.75,9.14,-0.666,explore,1.09,0.0,84.93,47.76,-0.019,explore,2.48,0.0,91.25,77.25,-1.571,explore,11.03,0.0,0.7126,28.04,35,0
224,44.800000000000004,77.22,8.77,-0.666,explore,1.02,0.0,85.53,47.75,-0.003,explore,1.98,0.0,91.06,76.68,-1.893,explore,10.57,0.0,0.7175,27.69,35,0
225,45.0,77.82,8.76,-0.015,explore,1.04,0.0,86.13,47.75,-0.003,explore,1.52,0.0,90.87,76.11,-1.893,explore,10.12,0.0,0.7213,27.33,35,0
226,45.2,78.42,8.75,-0.015,explore,1.08,0.0,86.73,47.75,-0.003,explore,1.25,0.0,90.68,75.54,-1.893,explore,9.69,0.0,0.7249,26.81,35,0
227,45.400000000000006,79.02,8.75,-0.003,explore,1.22,0.0,87.33,47.75,-0.000,explore,1.10,0.0,90.49,74.97,-1.893,explore,9.27,0.0,0.7293,26.29,35,0
228,45.6,79.62,8.75,-0.003,explore,1.29,0.0,87.93,47.75,-0.000,explore,1.10,0.0,90.73,74.42,-1.156,explore,8.86,0.0,0.7333,26.06,35,0
229,45.800000000000004,80.22,8.75,-0.003,explore,1.43,0.0,88.53,47.75,-0.000,explore,0.93,0.0,90.97,73.87,-1.156,explore,8.47,0.0,0.7377,25.68,35,0
230,46.0,80.65,9.17,0.776,explore,1.43,0.0,89.13,47.75,-0.000,explore,0.93,0.0,91.22,73.33,-1.156,explore,8.47,0.0,0.7424,25.68,35,0
231,46.2,81.08,9.59,0.776,explore,0.99,0.0,89.49,47.27,-0.928,explore,0.89,0.0,91.64,72.90,-0.799,explore,8.74,0.0,0.7424,25.93,35,0
232,46.400000000000006,81.51,10.01,0.776,explore,0.59,0.0,89.85,46.79,-0.928,explore,1.00,0.0,92.05,72.47,-0.799,explore,9.03,0.0,0.7511,26.18,35,0
233,46.6,81.93,10.43,0.784,explore,0.59,0.0,90.21,46.31,-0.928,explore,1.19,0.0,92.47,72.04,-0.799,explore,9.35,0.0,0.7538,26.47,35,0
234,46.800000000000004,81.93,10.43,0.784,explore,0.59,0.0,90.54,45.81,-0.981,explore,1.49,0.0,92.90,71.61,-0.788,explore,9.78,0.0,0.7559,26.85,35,0
235,47.0,81.93,10.43,0.784,explore,0.59,0.0,90.87,45.31,-0.981,explore,1.49,0.0,93.32,71.19,-0.788,explore,10.23,0.0,0.7580,27.34,35,0
236,47.2,81.93,10.43,0.784,explore,0.59,0.0,91.21,44.81,-0.981,explore,1.86,0.0,93.74,70.76,-0.788,explore,10.69,0.0,0.7584,27.73,35,0
237,47.400000000000006,81.93,10.43,0.784,explore,0.59,0.0,91.54,44.31,-0.983,explore,2.29,0.0,93.41,71.26,2.158,explore,11.09,0.0,0.7601,28.05,35,0
238,47.6,81.93,10.43,0.784,explore,0.59,0.0,91.87,43.82,-0.983,explore,2.76,0.0,93.08,71.76,2.158,explore,11.51,0.0,0.7618,28.37,35,0
239,47.800000000000004,81.93,10.43,0.784,explore,0.59,0.0,92.21,43.32,-0.983,explore,3.26,0.0,92.75,72.25,2.158,explore,11.94,0.0,0.7632,28.69,35,0
240,48.0,81.93,10.43,0.784,explore,1.19,0.0,91.89,42.80,-2.119,explore,3.26,0.0,92.33,72.67,2.356,explore,11.94,0.0,0.7645,28.69,35,0
241,48.2,81.93,10.43,0.784,explore,1.03,0.0,91.58,42.29,-2.119,explore,2.98,0.0,91.90,73.10,2.356,explore,11.61,0.0,0.7657,28.94,35,0
242,48.400000000000006,81.93,10.43,0.784,explore,0.96,0.0,91.27,41.78,-2.119,explore,2.77,0.0,91.48,73.52,2.356,explore,11.29,0.0,0.7773,29.18,35,0
243,48.6,81.93,10.43,0.784,explore,0.78,0.0,90.85,41.35,-2.352,explore,2.62,0.0,91.13,74.01,2.189,explore,10.99,0.0,0.7803,29.43,35,0
244,48.800000000000004,81.93,10.43,0.784,explore,0.70,0.0,90.42,40.93,-2.352,explore,2.55,0.0,90.78,74.50,2.189,explore,10.72,0.0,0.7834,29.69,35,0
245,49.0,81.93,10.43,0.784,explore,0.72,0.0,90.00,40.50,-2.352,explore,2.57,0.0,90.43,74.99,2.189,explore,10.46,0.0,0.7868,29.96,35,0
246,49.2,81.93,10.43,0.784,explore,0.53,0.0,89.58,40.08,-2.356,explore,2.97,0.0,90.15,75.52,2.069,explore,10.22,0.0,0.7894,30.05,35,0
247,49.400000000000006,81.93,10.43,0.784,explore,0.53,0.0,89.15,39.65,-2.356,explore,3.42,0.0,89.86,76.04,2.069,explore,10.01,0.0,0.7924,30.15,35,0
248,49.6,81.93,10.43,0.784,explore,0.91,0.0,88.73,39.23,-2.356,explore,3.42,0.0,89.45,76.48,2.328,explore,10.01,0.0,0.7941,30.15,35,0
249,49.800000000000004,81.93,10.43,0.784,explore,0.96,0.0,88.73,39.23,-2.356,explore,2.84,0.0,89.04,76.92,2.328,explore,9.44,0.0,0.7955,29.70,35,0
250,50.0,81.93,10.43,0.784,explore,0.96,0.0,88.73,39.23,-2.356,explore,2.84,0.0,88.63,77.35,2.328,explore,9.44,0.0,0.7965,29.70,35,0
251,50.2,81.93,10.43,0.784,explore,1.49,0.0,88.73,39.23,-2.356,explore,3.04,0.0,88.25,77.75,2.328,explore,8.89,0.0,0.7965,29.69,35,0
252,50.400000000000006,81.93,10.43,0.784,explore,2.03,0.0,88.73,39.23,-2.356,explore,3.31,0.0,87.75,78.08,2.554,explore,8.34,0.0,0.8004,29.69,35,0
253,50.6,81.93,10.43,0.784,explore,2.03,0.0,88.73,39.23,-2.356,explore,3.64,0.0,87.25,78.42,2.554,explore,7.86,0.0,0.8031,29.76,35,0
254,50.800000000000004,81.93,10.43,0.784,explore,2.60,0.0,88.73,39.23,-2.356,explore,4.02,0.0,86.75,78.75,2.554,explore,7.34,0.0,0.8045,29.76,35,0
255,51.0,81.93,10.43,0.784,explore,3.17,0.0,88.73,39.23,-2.356,explore,4.44,0.0,86.75,78.75,2.554,explore,6.83,0.0,0.8073,29.76,35,0
256,51.2,81.93,10.43,0.784,explore,3.75,0.0,88.73,39.23,-2.356,explore,4.49,0.0,86.75,78.75,2.554,explore,6.33,0.0,0.8102,29.70,35,0
257,51.400000000000006,81.93,10.43,0.784,explore,4.33,0.0,88.73,39.23,-2.356,explore,4.59,0.0,86.75,78.75,2.554,explore,5.84,0.0,0.8127,29.65,35,0
258,51.6,81.93,10.43,0.784,explore,4.91,0.0,88.73,39.23,-2.356,explore,4.75,0.0,86.75,78.75,2.554,explore,5.36,0.0,0.8153,29.60,35,0
259,51.800000000000004,81.93,10.43,0.784,explore,4.91,0.0,88.73,39.23,-2.356,explore,4.95,0.0,86.75,78.75,2.554,explore,4.90,0.0,0.8178,29.56,35,0
260,52.0,81.93,10.43,0.784,explore,4.91,0.0,88.73,39.23,-2.356,explore,4.95,0.0,86.75,78.75,2.554,explore,4.90,0.0,0.8191,29.56,35,0
261,52.2,81.93,10.43,0.784,explore,5.35,0.0,88.73,39.23,-2.356,explore,5.54,0.0,86.75,78.75,2.554,explore,4.46,0.0,0.8191,29.53,35,0
262,52.400000000000006,81.93,10.43,0.784,explore,5.82,0.0,88.73,39.23,-2.356,explore,6.12,0.0,86.75,78.75,2.554,explore,4.03,0.0,0.8233,29.49,35,0
263,52.6,81.93,10.43,0.784,explore,6.29,0.0,88.73,39.23,-2.356,explore,6.69,0.0,86.75,78.75,2.554,explore,3.63,0.0,0.8252,29.49,35,0
264,52.800000000000004,81.93,10.43,0.784,explore,6.84,0.0,88.73,39.23,-2.356,explore,7.26,0.0,86.75,78.75,2.554,explore,3.26,0.0,0.8275,29.49,35,0
265,53.0,81.93,10.43,0.784,explore,7.40,0.0,88.73,39.23,-2.356,explore,7.26,0.0,86.75,78.75,2.554,explore,2.98,0.0,0.8298,29.02,35,0
266,53.2,81.93,10.43,0.784,explore,7.96,0.0,88.73,39.23,-2.356,explore,7.83,0.0,86.75,78.75,2.554,explore,2.52,0.0,0.8305,28.75,35,0
267,53.400000000000006,81.93,10.43,0.784,explore,8.52,0.0,88.73,39.23,-2.356,explore,8.40,0.0,86.75,78.75,2.554,explore,2.09,0.0,0.8336,28.50,35,0
268,53.6,81.93,10.43,0.784,explore,9.09,0.0,88.73,39.23,-2.356,explore,8.97,0.0,86.75,78.75,2.554,explore,1.68,0.0,0.8354,28.26,35,0
269,53.800000000000004,81.93,10.43,0.784,explore,9.66,0.0,88.73,39.23,-2.356,explore,9.54,0.0,86.75,78.75,2.554,explore,1.32,0.0,0.8372,28.02,35,0
270,54.0,81.93,10.43,0.784,explore,9.66,0.0,88.73,39.23,-2.356,explore,9.54,0.0,86.75,78.75,2.554,explore,1.32,0.0,0.8389,28.02,35,0
271,54.2,81.93,10.43,0.784,explore,10.18,0.0,88.73,39.23,-2.356,explore,9.79,0.0,86.75,78.75,2.554,explore,1.43,0.0,0.8389,27.42,35,0
272,54.400000000000006,81.93,10.43,0.784,explore,10.72,0.0,88.73,39.23,-2.356,explore,10.06,0.0,86.75,78.75,2.554,explore,1.61,0.0,0.8440,26.81,35,0
273,54.6,81.93,10.43,0.784,explore,11.26,0.0,88.73,39.23,-2.356,explore,10.35,0.0,86.75,78.75,2.554,explore,1.84,0.0,0.8464,26.20,35,0
274,54.800000000000004,81.93,10.43,0.784,explore,11.81,0.0,88.73,39.23,-2.356,explore,10.67,0.0,86.75,78.75,2.554,explore,2.29,0.0,0.8483,25.74,35,0
275,55.0,81.93,10.43,0.784,explore,12.32,0.0,88.73,39.23,-2.356,explore,11.00,0.0,86.75,78.75,2.554,explore,2.76,0.0,0.8501,25.28,35,0
276,55.2,81.93,10.43,0.784,explore,12.57,0.0,88.73,39.23,-2.356,explore,11.35,0.0,86.75,78.75,2.554,explore,3.25,0.0,0.8517,24.82,35,0
277,55.400000000000006,81.93,10.43,0.784,explore,12.83,0.0,88.73,39.23,-2.356,explore,11.71,0.0,86.75,78.75,2.554,explore,3.76,0.0,0.8541,24.37,35,0
278,55.6,81.93,10.43,0.784,explore,13.11,0.0,88.73,39.23,-2.356,explore,12.10,0.0,86.75,78.75,2.554,explore,4.28,0.0,0.8555,23.92,35,0
279,55.800000000000004,81.93,10.43,0.784,explore,13.28,0.0,88.73,39.23,-2.356,explore,12.50,0.0,86.75,78.75,2.554,explore,4.81,0.0,0.8569,23.47,35,0
280,56.0,81.93,10.43,0.784,explore,13.28,0.0,88.73,39.23,-2.356,explore,12.50,0.0,86.75,78.75,2.554,explore,4.81,0.0,0.8581,23.47,35,0
281,56.2,81.93,10.43,0.784,explore,13.40,0.0,88.73,39.23,-2.356,explore,13.09,0.0,86.75,78.75,2.554,explore,4.35,0.0,0.8581,24.31,35,0
282,56.400000000000006,81.93,10.43,0.784,explore,13.54,0.0,88.73,39.23,-2.356,explore,13.69,0.0,86.75,78.75,2.554,explore,3.90,0.0,0.8634,25.18,35,0
283,56.6,81.93,10.43,0.784,explore,13.62,0.0,88.73,39.23,-2.356,explore,14.29,0.0,86.75,78.75,2.554,explore,3.48,0.0,0.8653,26.07,35,0
284,56.800000000000004,81.93,10.43,0.784,explore,13.72,0.0,88.73,39.23,-2.356,explore,14.88,0.0,86.75,78.75,2.554,explore,3.00,0.0,0.8674,26.92,35,0
285,57.0,81.93,10.43,0.784,explore,13.72,0.0,88.73,39.23,-2.356,explore,15.48,0.0,86.75,78.75,2.554,explore,2.54,0.0,0.8693,27.81,35,0
286,57.2,81.93,10.43,0.784,explore,14.17,0.0,88.73,39.23,-2.356,explore,16.07,0.0,86.75,78.75,2.554,explore,2.10,0.0,0.8701,28.71,35,0
287,57.400000000000006,81.93,10.43,0.784,explore,14.63,0.0,88.73,39.23,-2.356,explore,16.67,0.0,86.75,78.75,2.554,explore,1.77,0.0,0.8714,29.70,35,0
288,57.6,81.93,10.43,0.784,explore,15.10,0.0,88.73,39.23,-2.356,explore,17.26,0.0,86.75,78.75,2.554,explore,1.49,0.0,0.8728,30.71,35,0
289,57.800000000000004,81.93,10.43,0.784,explore,15.58,0.0,88.73,39.23,-2.356,explore,17.86,0.0,86.75,78.75,2.554,explore,1.27,0.0,0.8740,31.72,35,0
290,58.0,81.93,10.43,0.784,explore,15.58,0.0,88.73,39.23,-2.356,explore,17.86,0.0,86.75,78.75,2.554,explore,1.27,0.0,0.8752,31.72,35,0
291,58.2,81.93,10.43,0.784,explore,15.76,0.0,88.73,39.23,-2.356,explore,18.05,0.0,86.75,78.75,2.554,explore,1.18,0.0,0.8752,32.76,35,0
292,58.400000000000006,81.93,10.43,0.784,explore,15.95,0.0,88.73,39.23,-2.356,explore,18.27,0.0,86.75,78.75,2.554,explore,1.16,0.0,0.8802,33.80,35,0
293,58.6,81.93,10.43,0.784,explore,16.15,0.0,88.73,39.23,-2.356,explore,18.49,0.0,86.75,78.75,2.554,explore,1.06,0.0,0.8825,34.75,35,0
294,58.800000000000004,81.93,10.43,0.784,explore,16.37,0.0,88.73,39.23,-2.356,explore,18.60,0.0,86.75,78.75,2.554,explore,1.03,0.0,0.8848,34.48,35,0
295,59.0,81.93,10.43,0.784,explore,16.61,0.0,88.73,39.23,-2.356,explore,18.73,0.0,86.75,78.75,2.554,explore,1.07,0.0,0.8870,33.76,35,0
296,59.2,81.93,10.43,0.784,explore,16.40,0.0,88.73,39.23,-2.356,explore,18.87,0.0,86.75,78.75,2.554,explore,1.17,0.0,0.8890,32.70,35,0
297,59.400000000000006,81.93,10.43,0.784,explore,16.22,0.0,88.73,39.23,-2.356,explore,19.03,0.0,86.75,78.75,2.554,explore,1.22,0.0,0.8932,31.65,35,0
298,59.6,81.93,10.43,0.784,explore,16.05,0.0,88.73,39.23,-2.356,explore,18.71,0.0,86.75,78.75,2.554,explore,1.33,0.0,0.8956,30.61,35,0
299,59.800000000000004,81.93,10.43,0.784,explore,15.89,0.0,88.73,39.23,-2.356,explore,18.11,0.0,86.75,78.75,2.554,explore,1.51,0.0,0.8980,29.59,35,0
300,60.0,81.93,10.43,0.784,explore,15.89,0.0,88.73,39.23,-2.356,explore,18.11,0.0,86.75,78.75,2.554,explore,1.51,0.0,0.9003,29.59,35,0
