n,Speed,Success(%),Steps,Coverage(%),Path(m),Load CV,Obs Safe(%),Avg Obs Dist(m),Inter Safe(%)
1,1.5,0,800,43.3,203,0.000,65.4,9.63,100.0
1,3.0,0,800,51.4,281,0.000,41.5,6.37,100.0
1,4.5,0,800,27.0,146,0.000,72.7,18.63,100.0
2,1.5,0,800,81.8,421,0.004,74.4,10.98,100.0
2,3.0,90,610,90.0,562,0.093,66.6,9.89,100.0
2,4.5,50,687,77.6,460,0.484,42.6,7.16,100.0
3,1.5,70,670,88.6,497,0.092,70.1,10.12,100.0
3,3.0,80,432,84.6,457,0.062,63.5,9.30,100.0
3,4.5,90,452,87.9,616,0.317,57.3,8.89,100.0
